profile_id,group,rater_id
360350,group2,rater1
360350,group2,rater2
360350,group2,rater3
360350,group2,rater4
357938,group5,rater1
357938,group5,rater2
357938,group5,rater3
357938,group5,rater4
321746,group1,rater1
321746,group1,rater2
321746,group1,rater3
321746,group1,rater4
229910,group3,rater1
229910,group3,rater2
229910,group3,rater3
229910,group3,rater4
77698,group1,rater1
77698,group1,rater2
77698,group1,rater3
77698,group1,rater4
77698,group2,rater1
77698,group2,rater2
77698,group2,rater3
77698,group2,rater4
77698,group3,rater1
77698,group3,rater2
77698,group3,rater3
77698,group3,rater4
77698,group4,rater1
77698,group4,rater2
77698,group4,rater3
77698,group4,rater4
77698,group5,rater1
77698,group5,rater2
77698,group5,rater3
77698,group5,rater4
61730,group4,rater1
61730,group4,rater2
61730,group4,rater3
61730,group4,rater4
390171,group2,rater1
390171,group2,rater2
390171,group2,rater3
390171,group2,rater4
370519,group5,rater1
370519,group5,rater2
370519,group5,rater3
370519,group5,rater4
302095,group1,rater1
302095,group1,rater2
302095,group1,rater3
302095,group1,rater4
302095,group2,rater1
302095,group2,rater2
302095,group2,rater3
302095,group2,rater4
302095,group3,rater1
302095,group3,rater2
302095,group3,rater3
302095,group3,rater4
302095,group4,rater1
302095,group4,rater2
302095,group4,rater3
302095,group4,rater4
302095,group5,rater1
302095,group5,rater2
302095,group5,rater3
302095,group5,rater4
229347,group3,rater1
229347,group3,rater2
229347,group3,rater3
229347,group3,rater4
193735,group1,rater1
193735,group1,rater2
193735,group1,rater3
193735,group1,rater4
76739,group4,rater1
76739,group4,rater2
76739,group4,rater3
76739,group4,rater4
384296,group2,rater1
384296,group2,rater2
384296,group2,rater3
384296,group2,rater4
357488,group5,rater1
357488,group5,rater2
357488,group5,rater3
357488,group5,rater4
340520,group4,rater1
340520,group4,rater2
340520,group4,rater3
340520,group4,rater4
303600,group1,rater1
303600,group1,rater2
303600,group1,rater3
303600,group1,rater4
296360,group1,rater1
296360,group1,rater2
296360,group1,rater3
296360,group1,rater4
296360,group2,rater1
296360,group2,rater2
296360,group2,rater3
296360,group2,rater4
296360,group3,rater1
296360,group3,rater2
296360,group3,rater3
296360,group3,rater4
296360,group4,rater1
296360,group4,rater2
296360,group4,rater3
296360,group4,rater4
296360,group5,rater1
296360,group5,rater2
296360,group5,rater3
296360,group5,rater4
106248,group3,rater1
106248,group3,rater2
106248,group3,rater3
106248,group3,rater4
389497,group3,rater1
389497,group3,rater2
389497,group3,rater3
389497,group3,rater4
377993,group1,rater1
377993,group1,rater2
377993,group1,rater3
377993,group1,rater4
377993,group2,rater1
377993,group2,rater2
377993,group2,rater3
377993,group2,rater4
377993,group3,rater1
377993,group3,rater2
377993,group3,rater3
377993,group3,rater4
377993,group4,rater1
377993,group4,rater2
377993,group4,rater3
377993,group4,rater4
377993,group5,rater1
377993,group5,rater2
377993,group5,rater3
377993,group5,rater4
296837,group5,rater1
296837,group5,rater2
296837,group5,rater3
296837,group5,rater4
289825,group2,rater1
289825,group2,rater2
289825,group2,rater3
289825,group2,rater4
202365,group1,rater1
202365,group1,rater2
202365,group1,rater3
202365,group1,rater4
74625,group4,rater1
74625,group4,rater2
74625,group4,rater3
74625,group4,rater4
390110,group5,rater1
390110,group5,rater2
390110,group5,rater3
390110,group5,rater4
385998,group3,rater1
385998,group3,rater2
385998,group3,rater3
385998,group3,rater4
362470,group4,rater1
362470,group4,rater2
362470,group4,rater3
362470,group4,rater4
359346,group1,rater1
359346,group1,rater2
359346,group1,rater3
359346,group1,rater4
311050,group1,rater1
311050,group1,rater2
311050,group1,rater3
311050,group1,rater4
311050,group2,rater1
311050,group2,rater2
311050,group2,rater3
311050,group2,rater4
311050,group3,rater1
311050,group3,rater2
311050,group3,rater3
311050,group3,rater4
311050,group4,rater1
311050,group4,rater2
311050,group4,rater3
311050,group4,rater4
311050,group5,rater1
311050,group5,rater2
311050,group5,rater3
311050,group5,rater4
152370,group2,rater1
152370,group2,rater2
152370,group2,rater3
152370,group2,rater4
390467,group5,rater1
390467,group5,rater2
390467,group5,rater3
390467,group5,rater4
372495,group2,rater1
372495,group2,rater2
372495,group2,rater3
372495,group2,rater4
309359,group3,rater1
309359,group3,rater2
309359,group3,rater3
309359,group3,rater4
305375,group1,rater1
305375,group1,rater2
305375,group1,rater3
305375,group1,rater4
249975,group1,rater1
249975,group1,rater2
249975,group1,rater3
249975,group1,rater4
249975,group2,rater1
249975,group2,rater2
249975,group2,rater3
249975,group2,rater4
249975,group3,rater1
249975,group3,rater2
249975,group3,rater3
249975,group3,rater4
249975,group4,rater1
249975,group4,rater2
249975,group4,rater3
249975,group4,rater4
249975,group5,rater1
249975,group5,rater2
249975,group5,rater3
249975,group5,rater4
234323,group4,rater1
234323,group4,rater2
234323,group4,rater3
234323,group4,rater4
389300,group2,rater1
389300,group2,rater2
389300,group2,rater3
389300,group2,rater4
387448,group1,rater1
387448,group1,rater2
387448,group1,rater3
387448,group1,rater4
380624,group3,rater1
380624,group3,rater2
380624,group3,rater3
380624,group3,rater4
359120,group5,rater1
359120,group5,rater2
359120,group5,rater3
359120,group5,rater4
312480,group4,rater1
312480,group4,rater2
312480,group4,rater3
312480,group4,rater4
140624,group1,rater1
140624,group1,rater2
140624,group1,rater3
140624,group1,rater4
140624,group2,rater1
140624,group2,rater2
140624,group2,rater3
140624,group2,rater4
140624,group3,rater1
140624,group3,rater2
140624,group3,rater3
140624,group3,rater4
140624,group4,rater1
140624,group4,rater2
140624,group4,rater3
140624,group4,rater4
140624,group5,rater1
140624,group5,rater2
140624,group5,rater3
140624,group5,rater4
390245,group4,rater1
390245,group4,rater2
390245,group4,rater3
390245,group4,rater4
389997,group1,rater1
389997,group1,rater2
389997,group1,rater3
389997,group1,rater4
389997,group2,rater1
389997,group2,rater2
389997,group2,rater3
389997,group2,rater4
389997,group3,rater1
389997,group3,rater2
389997,group3,rater3
389997,group3,rater4
389997,group4,rater1
389997,group4,rater2
389997,group4,rater3
389997,group4,rater4
389997,group5,rater1
389997,group5,rater2
389997,group5,rater3
389997,group5,rater4
387425,group3,rater1
387425,group3,rater2
387425,group3,rater3
387425,group3,rater4
384369,group1,rater1
384369,group1,rater2
384369,group1,rater3
384369,group1,rater4
358625,group2,rater1
358625,group2,rater2
358625,group2,rater3
358625,group2,rater4
156245,group5,rater1
156245,group5,rater2
156245,group5,rater3
156245,group5,rater4
390350,group2,rater1
390350,group2,rater2
390350,group2,rater3
390350,group2,rater4
387494,group1,rater1
387494,group1,rater2
387494,group1,rater3
387494,group1,rater4
387494,group2,rater1
387494,group2,rater2
387494,group2,rater3
387494,group2,rater4
387494,group3,rater1
387494,group3,rater2
387494,group3,rater3
387494,group3,rater4
387494,group4,rater1
387494,group4,rater2
387494,group4,rater3
387494,group4,rater4
387494,group5,rater1
387494,group5,rater2
387494,group5,rater3
387494,group5,rater4
359374,group3,rater1
359374,group3,rater2
359374,group3,rater3
359374,group3,rater4
312490,group5,rater1
312490,group5,rater2
312490,group5,rater3
312490,group5,rater4
296750,group1,rater1
296750,group1,rater2
296750,group1,rater3
296750,group1,rater4
234370,group4,rater1
234370,group4,rater2
234370,group4,rater3
234370,group4,rater4
