profile_id,group,rater1,rater2,rater3,rater4
203127,group5,1,1,1,1
78451,group2,1,1,1,1
40631,group1,1,1,1,1
40631,group2,1,1,1,1
40631,group3,1,1,1,1
40631,group4,1,1,1,1
40631,group5,1,1,1,1
16911,group1,1,1,1,1
3283,group3,1,1,1,1
755,group4,1,1,1,1
96952,group2,1,1,1,1
90636,group5,1,1,1,1
78168,group1,1,1,1,1
62776,group1,1,1,1,1
62776,group2,1,1,1,1
62776,group3,1,1,1,1
62776,group4,1,1,1,1
62776,group5,1,1,1,1
31880,group4,1,1,1,1
2756,group3,1,1,1,1
238301,group1,1,1,1,1
238301,group2,1,1,1,1
238301,group3,1,1,1,1
238301,group4,1,1,1,1
238301,group5,1,1,1,1
111277,group4,1,1,1,1
84877,group1,1,1,1,1
44501,group2,1,1,1,1
31417,group3,1,1,1,1
16329,group5,1,1,1,1
179406,group1,1,1,1,1
179406,group2,1,1,1,1
179406,group3,1,1,1,1
179406,group4,1,1,1,1
179406,group5,1,1,1,1
141302,group3,1,1,1,1
96938,group1,1,1,1,1
94630,group2,1,1,1,1
13002,group4,1,1,1,1
12566,group5,1,1,1,1
344031,group1,1,1,1,1
344031,group2,1,1,1,1
344031,group3,1,1,1,1
344031,group4,1,1,1,1
344031,group5,1,1,1,1
91951,group5,1,1,1,1
69251,group4,1,1,1,1
43759,group3,1,1,1,1
20903,group1,1,1,1,1
20071,group2,1,1,1,1
317276,group3,1,1,1,1
203932,group1,1,1,1,1
203932,group2,1,1,1,1
203932,group3,1,1,1,1
203932,group4,1,1,1,1
203932,group5,1,1,1,1
200252,group4,1,1,1,1
109424,group5,1,1,1,1
39136,group2,1,1,1,1
7780,group1,1,1,1,1
316361,group5,1,1,1,1
313553,group3,1,1,1,1
209521,group4,1,1,1,1
126317,group2,1,1,1,1
106265,group1,1,1,1,1
25601,group1,1,1,1,1
25601,group2,1,1,1,1
25601,group3,1,1,1,1
25601,group4,1,1,1,1
25601,group5,1,1,1,1
262602,group4,1,1,1,1
221406,group2,1,1,1,1
125434,group1,1,1,1,1
101786,group1,1,1,1,1
101786,group2,1,1,1,1
101786,group3,1,1,1,1
101786,group4,1,1,1,1
101786,group5,1,1,1,1
21994,group3,1,1,1,1
14530,group5,1,1,1,1
359443,group3,1,1,1,1
244643,group2,1,1,1,1
144779,group4,1,1,1,1
67271,group5,1,1,1,1
30727,group1,1,1,1,1
17795,group1,1,1,1,1
17795,group2,1,1,1,1
17795,group3,1,1,1,1
17795,group4,1,1,1,1
17795,group5,1,1,1,1
325050,group3,1,1,1,1
297598,group2,1,1,1,1
271202,group1,1,1,1,1
271202,group2,1,1,1,1
271202,group3,1,1,1,1
271202,group4,1,1,1,1
271202,group5,1,1,1,1
169246,group4,1,1,1,1
108318,group5,1,1,1,1
56010,group1,1,1,1,1
347115,group5,1,1,1,1
324207,group3,1,1,1,1
276143,group1,1,1,1,1
223611,group1,1,1,1,1
223611,group2,1,1,1,1
223611,group3,1,1,1,1
223611,group4,1,1,1,1
223611,group5,1,1,1,1
65523,group4,1,1,1,1
42675,group2,1,1,1,1
388396,group3,1,1,1,1
352260,group5,1,1,1,1
293336,group1,1,1,1,1
293336,group2,1,1,1,1
293336,group3,1,1,1,1
293336,group4,1,1,1,1
293336,group5,1,1,1,1
127200,group1,1,1,1,1
119964,group2,1,1,1,1
62428,group4,1,1,1,1
363705,group3,1,1,1,1
312253,group4,1,1,1,1
303621,group1,1,1,1,1
303621,group2,1,1,1,1
303621,group3,1,1,1,1
303621,group4,1,1,1,1
303621,group5,1,1,1,1
273949,group1,1,1,1,1
154565,group2,1,1,1,1
52369,group5,1,1,1,1
354978,group2,1,1,1,1
342846,group1,1,1,1,1
311630,group3,1,1,1,1
153746,group4,1,1,1,1
152090,group1,1,1,1,1
152090,group2,1,1,1,1
152090,group3,1,1,1,1
152090,group4,1,1,1,1
152090,group5,1,1,1,1
31214,group5,1,1,1,1
390511,group5,1,1,1,1
383823,group4,1,1,1,1
372483,group2,1,1,1,1
334243,group1,1,1,1,1
334243,group2,1,1,1,1
334243,group3,1,1,1,1
334243,group4,1,1,1,1
334243,group5,1,1,1,1
312203,group1,1,1,1,1
134215,group3,1,1,1,1
377324,group3,1,1,1,1
367488,group1,1,1,1,1
295220,group2,1,1,1,1
265592,group1,1,1,1,1
265592,group2,1,1,1,1
265592,group3,1,1,1,1
265592,group4,1,1,1,1
265592,group5,1,1,1,1
154344,group4,1,1,1,1
146872,group5,1,1,1,1
387105,group5,1,1,1,1
385925,group1,1,1,1,1
385925,group2,1,1,1,1
385925,group3,1,1,1,1
385925,group4,1,1,1,1
385925,group5,1,1,1,1
374941,group4,1,1,1,1
318745,group3,1,1,1,1
261749,group1,1,1,1,1
139989,group2,1,1,1,1
390222,group3,1,1,1,1
382250,group4,1,1,1,1
372494,group5,1,1,1,1
358570,group1,1,1,1,1
358570,group2,1,1,1,1
358570,group3,1,1,1,1
358570,group4,1,1,1,1
358570,group5,1,1,1,1
356230,group1,1,1,1,1
76850,group2,1,1,1,1
380619,group5,1,1,1,1
373747,group3,1,1,1,1
355995,group2,1,1,1,1
309099,group1,1,1,1,1
309099,group2,1,1,1,1
309099,group3,1,1,1,1
309099,group4,1,1,1,1
309099,group5,1,1,1,1
281219,group1,1,1,1,1
233715,group4,1,1,1,1
389984,group1,1,1,1,1
389984,group2,1,1,1,1
389984,group3,1,1,1,1
389984,group4,1,1,1,1
389984,group5,1,1,1,1
388000,group3,1,1,1,1
384224,group5,1,1,1,1
371000,group1,1,1,1,1
359372,group4,1,1,1,1
153120,group2,1,1,1,1
390585,group5,1,1,1,1
390489,group3,1,1,1,1
386225,group1,1,1,1,1
381125,group4,1,1,1,1
280625,group1,1,1,1,1
280625,group2,1,1,1,1
280625,group3,1,1,1,1
280625,group4,1,1,1,1
280625,group5,1,1,1,1
234349,group2,1,1,1,1
387494,group1,1,1,1,1
387494,group2,1,1,1,1
387494,group3,1,1,1,1
387494,group4,1,1,1,1
387494,group5,1,1,1,1
386250,group3,1,1,1,1
374374,group2,1,1,1,1
296870,group4,1,1,1,1
296750,group5,1,1,1,1
234374,group1,1,1,1,1
